{
  "A1": 0.728269180698838,
  "A2": 0.665893582863651,
  "A3": 0.8054437459501922,
  "A4": 0.4879489104076832,
  "A5": 2.186229613049925,
  "A6": 4.479543748497051e-45,
  "A7": 1.3205340000833656,
  "B1": 0.8626841465062847,
  "B2": 0.7745720030662311,
  "B3": 0.8078697893537737,
  "B4": 0.6264666080728473,
  "B5": 0.8602513853223408,
  "B6": 0.7725524337207159,
  "B7": 0.05481435715251093,
  "C1": {
    "2": 0.3005179296979352,
    "3": 0.19242495934499612,
    "4": 0.19054356170277292,
    "5": 0.1596516527356168,
    "6": 0.1560908610223819,
    "7": 0.14587181735877255
  },
  "C2": 2.0,
  "C3": 0.19054356170277292,
  "C4": 0.041891130557066204,
  "C5": 0.2018793972616,
  "D1": 6.582106698575052,
  "D2": 0.8931513441427059,
  "D3": 3.796187318421964,
  "D4": 3.7571484537132407,
  "D5": 0.5906432748538012,
  "E1": 0.010028913551012385,
  "E2": 0.01774268086235206,
  "E3": -0.014596582794753876,
  "E4": 0.1683128641545047,
  "cohort_size": 966,
  "method": "TMM-edgeR (pure Python)",
  "gene_length_source": "N/A (TMM does not require gene lengths)"
}