{
  "A1": 0.7342847749016238,
  "A2": 0.679213788384801,
  "A3": 0.8267881614854184,
  "A4": 0.4910510796450125,
  "A5": 2.0860984395220914,
  "A6": 3.209604356161327e-39,
  "A7": 1.2117722985477777,
  "B1": 0.836985693047323,
  "B2": 0.7589528573301599,
  "B3": 0.8078697893537737,
  "B4": 0.6264666080728473,
  "B5": 0.8359623887397911,
  "B6": 0.7629739097119015,
  "B7": 0.029115903693549217,
  "C1": {
    "2": 0.2768157580622287,
    "3": 0.21899940236528484,
    "4": 0.19721136732568262,
    "5": 0.17072269463598175,
    "6": 0.15573899040182965,
    "7": 0.16113249350647194
  },
  "C2": 2.0,
  "C3": 0.19721136732568262,
  "C4": 0.03031157617949873,
  "C5": 0.19093277388713015,
  "D1": 6.584684810750216,
  "D2": 0.6875355106609202,
  "D3": 4.1785413034350904,
  "D4": 3.8169205416154086,
  "D5": 0.5789473684210527,
  "E1": 0.013838151643309617,
  "E2": 0.008174014841453114,
  "E3": 0.3098821920694448,
  "E4": 0.13270387989440213,
  "cohort_size": 966,
  "method": "RSEM-UQ-TSS",
  "gene_length_source": "N/A (RSEM expected counts, UQ-normalized + log2(x+1) + TSS correction)"
}