{
  "A1": 0.72244898482596,
  "A2": 0.6616813681102387,
  "A3": 0.8139439309737735,
  "A4": 0.4722115837062739,
  "A5": 2.121570295040582,
  "A6": 1.6135742930496355e-43,
  "A7": 1.368900799868304,
  "B1": 0.8557720155233332,
  "B2": 0.7710438185836112,
  "B3": 0.8078697893537737,
  "B4": 0.6264666080728473,
  "B5": 0.8536771378371595,
  "B6": 0.7710171957088469,
  "B7": 0.047902226169559414,
  "C1": {
    "2": 0.2750946300254885,
    "3": 0.2016556680436643,
    "4": 0.17963111840958665,
    "5": 0.15793415317858017,
    "6": 0.1423719283023307,
    "7": 0.13941169645582918
  },
  "C2": 2.0,
  "C3": 0.17963111840958665,
  "C4": 0.03512597792066452,
  "C5": 0.19820952989404517,
  "D1": 6.0340724007959174,
  "D2": 0.7520266730455223,
  "D3": 3.8060105978846286,
  "D4": 3.5307032239086893,
  "D5": 0.5497076023391813,
  "E1": 0.049263563447176854,
  "E2": 0.01579569801311878,
  "E3": 0.23399498753933334,
  "E4": 0.19017148429420547,
  "cohort_size": 966,
  "method": "TPM-TSS",
  "gene_length_source": "ENSEMBL BioMart (cached at C:\\Users\\schin\\OneDrive\\Desktop\\JOB\\BIOTECH\\0310_Tempus\\takehome\\data\\gene_lengths_cache.csv)"
}